
/*CENTROS TRABAJO*/
INSERT INTO CENTROTRABAJO
VALUES (1, 'AZKAR', 'JUNDIZ', 20, '01015', 'VITORIA-GASTEIZ', 'ALAVA', '945111111');

INSERT INTO CENTROTRABAJO
VALUES (2, 'DHL', 'BETOÑO', 2, '48556', 'ZAMUDIO', 'BIZKAIA', '948222222');

INSERT INTO CENTROTRABAJO
VALUES (3, 'FEDEX', 'EL PUERTO', 18, '46230', 'SAGUNTO', 'VALENCIA', '963333333');

INSERT INTO CENTROTRABAJO
VALUES (4, 'LOGISTICA LOPEZ', 'LA ALHAMBRA', 33, '18003', 'GRANADA', 'GRANADA', '924444444');

INSERT INTO CENTROTRABAJO
VALUES (5, 'TRANSPORTES MANOLO', 'MANUEL NOYA', 103, '28026', 'MADRID', 'MADRID', '915555555');

INSERT INTO CENTROTRABAJO
VALUES (6, 'SEUR', 'CACHOPO', 1, '36510', 'PANES', 'OVIEDO', '947666666');


/*USUARIO ADMIN*/
INSERT INTO TRABAJADOR VALUES('11111111A','Admin', 'Admin', 'Admin', '' , '', '' , '', '', '' , '', '', '', 'A');
INSERT INTO USUARIOBD VALUES('admin', 'admin', '11111111A');


/*TRABAJADORES*/
INSERT INTO TRABAJADOR
VALUES ('16239699C', 'MANUEL', 'LOPEZ', 'GARCIA', 'ESTELLA', '2', 3, 'D', NULL, '623623623', '02/08/1988', 1200, 001, 'L');

INSERT INTO TRABAJADOR
VALUES ('55689723F', 'ANDONI', 'REY', 'MENDEZ', 'CUCHILLERIA', '56', 5, 'A', '945223344', '604989009', '05/11/1986', 1150, 001, 'L');

INSERT INTO TRABAJADOR
VALUES ('87296382C', 'ESTHER', 'PEREZ', 'URRIETA', 'PANAMA', '18', 5, 'B', NULL, '600900900', '19/11/1991', 1300, 001, 'A');

INSERT INTO TRABAJADOR
VALUES ('75929821J', 'LUIS', 'SANCHEZ', 'HERNANDEZ', 'POZOA', '55', 1, 'A', '948896767', '611234234', '05/09/1988', 1000, 002, 'L');

INSERT INTO TRABAJADOR
VALUES ('52780549B', 'LUISA', 'ARRIETA', 'URKIOLA', 'ALAMEDA REKALDE', '66', 2, 'I', NULL, '610101010', '30/03/1985', 1200, 002, 'L');

INSERT INTO TRABAJADOR
VALUES ('65307136Q', 'ENEKO', 'VAZQUEZ', 'DE LA FUENTE', 'EL MAR', '12', 6, 'B', '944565656', '602200200', '22/05/1992', 1250, 002, 'A');

INSERT INTO TRABAJADOR
VALUES ('94863902B', 'MIKEL', 'GUTIERREZ', 'ARREGI', 'DATO', '21', 1, 'I', NULL, '685858551', '22/02/1979', 950, 003, 'L');

INSERT INTO TRABAJADOR
VALUES ('76046765W', 'ANA', 'FERNANDEZ', 'LIRIA', 'ZAPATERIA', '89', 3, 'D', '945222229', '699789789', '18/11/1995', 1350, 003, 'L');

INSERT INTO TRABAJADOR
VALUES ('72866464A', 'MERTXE', 'AGIRRE', 'ZABALZA', 'ANTONIO MACHADO', '31', 2, 'A', '946339967', '688222666', '02/08/1988', 1100, 003, 'A');

INSERT INTO TRABAJADOR
VALUES ('05425060G', 'MARIO', 'LUNA', 'LARA', 'CASTILLA', '6', 8, 'D', NULL, '611229966', '17/07/1987', 985, 004, 'L');

INSERT INTO TRABAJADOR
VALUES ('26585144L', 'GUILLERMO', 'MARQUEZ', 'MARQUEZ', 'EUSKAL HERRIA', '22', 5, 'I', '987987987', '677446633', '01/12/1990', 990, 004, 'L');

INSERT INTO TRABAJADOR
VALUES ('07349046V', 'ALAZNE', 'SAKANA', 'ARRAIZ', 'LA LUNA', '33', 3, 'C', '933933933', '612345678', '10/05/1993', 1275, 004, 'A');

INSERT INTO TRABAJADOR
VALUES ('82379027L', 'ELENA', 'GALVEZ', 'REINA', 'EL SALVADOR', '29', 10, 'D', NULL, '664646464', '30/10/1992', 1125, 005, 'L');

INSERT INTO TRABAJADOR
VALUES ('83711774P', 'NURIA', 'SANCHEZ', 'LOPEZ', 'CERVANTES', '50', 5, 'E', NULL, '623623623', '11/11/1996', 990, 005, 'L');

INSERT INTO TRABAJADOR
VALUES ('89428847V', 'SANDRA', 'MAZAS', 'BLAZQUEZ', 'EL SOL', '33', 2, 'D', '912929292', '690909090', '22/01/1990', 1200, 005, 'A');

INSERT INTO TRABAJADOR
VALUES ('13606944Y', 'ARTURO', 'GARCIA', 'SOBRINO', 'SANTANDER', '1', 3, 'C', '945677688', '655555577', '14/08/1992', 1210, 006, 'L');

INSERT INTO TRABAJADOR
VALUES ('99079807Q', 'HECTOR', 'RUIZ', 'GUTIERREZ', 'ALMANZOR', '43', 9, 'F', NULL, '629798900', '21/09/1998', 1150, 006, 'L');

INSERT INTO TRABAJADOR
VALUES ('71874772W', 'AITOR', 'CASILLAS', 'GOMEZ', 'LA ERMITA', '29', 7, 'D', '945313122', '610101017', '02/06/1997', 1280, 006, 'A');


/*USUARIOS BD*/
INSERT INTO USUARIOBD
VALUES ('MLOPEZ', '111111', '16239699C');

INSERT INTO USUARIOBD
VALUES ('AREY', '222222', '55689723F');

INSERT INTO USUARIOBD
VALUES ('EPEREZ', '333333', '87296382C');

INSERT INTO USUARIOBD
VALUES ('LSANCHEZ', '444444', '75929821J');

INSERT INTO USUARIOBD
VALUES ('LARRIETA', '555555', '52780549B');

INSERT INTO USUARIOBD
VALUES ('EVAZQUEZ', '666666', '65307136Q');

INSERT INTO USUARIOBD
VALUES ('MGUTIERREZ', '777777', '94863902B');

INSERT INTO USUARIOBD
VALUES ('AFERNANDEZ', '888888', '76046765W');

INSERT INTO USUARIOBD
VALUES ('MAGIRRE', '999999', '72866464A');

INSERT INTO USUARIOBD
VALUES ('LLUNA', '202020', '05425060G');

INSERT INTO USUARIOBD
VALUES ('GMARQUEZ', '121212', '26585144L');

INSERT INTO USUARIOBD
VALUES ('ASAKANA', '131313', '07349046V');

INSERT INTO USUARIOBD
VALUES ('EGALVEZ', '141414', '82379027L');

INSERT INTO USUARIOBD
VALUES ('NSANCHEZ', '151515', '83711774P');

INSERT INTO USUARIOBD
VALUES ('SMAZAS', '161616', '89428847V');

INSERT INTO USUARIOBD
VALUES ('AGARCIA', '171717', '13606944Y');

INSERT INTO USUARIOBD
VALUES ('HRUIZ', '181818', '99079807Q');

INSERT INTO USUARIOBD
VALUES ('ACASILLAS', '191919', '71874772W');


/*VEHICULOS*/
INSERT INTO VEHICULO
VALUES ('0449FGY', 'COURIER', 'FORD');

INSERT INTO VEHICULO
VALUES ('2998DJI', 'TRANSPORTER', 'VOLKSWAGEN');

INSERT INTO VEHICULO
VALUES ('3765AVC', 'TRANSPORTER', 'VOLKSWAGEN');

INSERT INTO VEHICULO
VALUES ('2276DER', 'VITO', 'MERCEDES');

INSERT INTO VEHICULO
VALUES ('6578GTR', 'MULTIVAN', 'VOLKSWAGEN');

INSERT INTO VEHICULO
VALUES ('3131EWP', 'KANGOO', 'RENAULT');

INSERT INTO VEHICULO
VALUES ('9089HYY', 'EXPERT', 'PEUGEOT');

INSERT INTO VEHICULO
VALUES ('7590GIO', 'TRAFIC', 'RENAULT');

INSERT INTO VEHICULO
VALUES ('8011FER', 'TRANSPORTER', 'VOLKSWAGEN');

INSERT INTO VEHICULO
VALUES ('0023ELH', 'KANGOO', 'RENAULT');

INSERT INTO VEHICULO
VALUES ('0919DRF', 'ESPACE', 'RENAULT');

INSERT INTO VEHICULO
VALUES ('7569BUL', 'PRAKTIK', 'SKODA');

INSERT INTO VEHICULO
VALUES ('3398FTY', 'VITO', 'MERCEDES');

INSERT INTO VEHICULO
VALUES ('2100HDE', 'TRAFIC', 'RENAULT');

INSERT INTO VEHICULO
VALUES ('7744BCS', 'COURIER', 'FORD');

INSERT INTO VEHICULO
VALUES ('6645CTS', 'MULTIVAN', 'VOLKSWAGEN');

INSERT INTO VEHICULO
VALUES ('8734CAJ', 'EXPERT', 'PEUGEOT');

INSERT INTO VEHICULO
VALUES ('3096AMB', 'TRAFIC', 'RENAULT');

INSERT INTO VEHICULO
VALUES ('9209DPN', 'ESPACE', 'RENAULT');

INSERT INTO VEHICULO
VALUES ('5487EST', 'COURIER', 'FORD');


/*ALBARANES*/
INSERT INTO ALBARAN
VALUES (1);

INSERT INTO ALBARAN
VALUES (2);

INSERT INTO ALBARAN
VALUES (3);

INSERT INTO ALBARAN
VALUES (4);

INSERT INTO ALBARAN
VALUES (5);

INSERT INTO ALBARAN
VALUES (6);

INSERT INTO ALBARAN
VALUES (7);

INSERT INTO ALBARAN
VALUES (8);

INSERT INTO ALBARAN
VALUES (9);

INSERT INTO ALBARAN
VALUES (10);

INSERT INTO ALBARAN
VALUES (11);

INSERT INTO ALBARAN
VALUES (12);

INSERT INTO ALBARAN
VALUES (13);

INSERT INTO ALBARAN
VALUES (14);

INSERT INTO ALBARAN
VALUES (15);

INSERT INTO ALBARAN
VALUES (16);

INSERT INTO ALBARAN
VALUES (17);

INSERT INTO ALBARAN
VALUES (18);

INSERT INTO ALBARAN
VALUES (19);

INSERT INTO ALBARAN
VALUES (20);

INSERT INTO ALBARAN
VALUES (21);

INSERT INTO ALBARAN
VALUES (22);

INSERT INTO ALBARAN
VALUES (23);

INSERT INTO ALBARAN
VALUES (24);

INSERT INTO ALBARAN
VALUES (25);

INSERT INTO ALBARAN
VALUES (26);

INSERT INTO ALBARAN
VALUES (27);

INSERT INTO ALBARAN
VALUES (28);

INSERT INTO ALBARAN
VALUES (29);

INSERT INTO ALBARAN
VALUES (30);

INSERT INTO ALBARAN
VALUES (31);

INSERT INTO ALBARAN
VALUES (32);

INSERT INTO ALBARAN
VALUES (33);

INSERT INTO ALBARAN
VALUES (34);

INSERT INTO ALBARAN
VALUES (35);

INSERT INTO ALBARAN
VALUES (36);

INSERT INTO ALBARAN
VALUES (37);

INSERT INTO ALBARAN
VALUES (38);

INSERT INTO ALBARAN
VALUES (39);

INSERT INTO ALBARAN
VALUES (40);

INSERT INTO ALBARAN
VALUES (41);

INSERT INTO ALBARAN
VALUES (42);

INSERT INTO ALBARAN
VALUES (43);

INSERT INTO ALBARAN
VALUES (44);

INSERT INTO ALBARAN
VALUES (45);

INSERT INTO ALBARAN
VALUES (46);

INSERT INTO ALBARAN
VALUES (47);

INSERT INTO ALBARAN
VALUES (48);

INSERT INTO ALBARAN
VALUES (49);

INSERT INTO ALBARAN
VALUES (50);


/*PARTES DE TRABAJO*/
INSERT INTO  PARTESTRABAJO
VALUES (1, 359, 446, 40, 0, 20, 10, 'LA CAJA CAMBIOS SE HA ESTROPEADO', 'CERRADO', '01/03/16', '87296382C', '16239699C', '3398FTY');

INSERT INTO  PARTESTRABAJO
VALUES (5, 446, 550, 50, 25, 0, 0, NULL, 'CERRADO', '12/03/16', '65307136Q', '16239699C', '3398FTY');

INSERT INTO  PARTESTRABAJO
VALUES (17, 8955, 9256, 60, 30, 25, 15, NULL, 'CERRADO', '12/04/16', '87296382C', '55689723F', '2100HDE');

INSERT INTO  PARTESTRABAJO
VALUES (2, 19450, 19665, 55, 0, 20, 0, 'LLEGO TARDE POR ATASCO', 'CERRADO', '01/03/16', '65307136Q', '75929821J', '7569BUL');

INSERT INTO  PARTESTRABAJO
VALUES (6, 17665, 17880, 20, 15, 30, 0, NULL, 'CERRADO', '12/03/16', '07349046V', '75929821J', '0449FGY');

INSERT INTO  PARTESTRABAJO
VALUES (3, 12450, 12605, 55, 0, 15, 120, 'PINCHAZO', 'CERRADO', '03/03/16', '07349046V', '52780549B', '6578GTR');

INSERT INTO  PARTESTRABAJO
VALUES (12, 10606, 12710, 40, 12, 10, 0, NULL, 'CERRADO', '02/04/16', '89428847V', '52780549B', '6578GTR');

INSERT INTO  PARTESTRABAJO
VALUES (4, 20005, 20105, 45, 30, 26, 0, NULL, 'CERRADO', '11/03/16', '87296382C', '94863902B', '7569BUL');

INSERT INTO  PARTESTRABAJO
VALUES (9, 9850, 8990, 40, 0, 20, 10, NULL, 'CERRADO', '25/03/16', '72866464A', '76046765W', '0023ELH');

INSERT INTO  PARTESTRABAJO
VALUES (14, 6575, 6960, 120, 60, 50, 20, NULL, 'CERRADO', '06/04/16', '07349046V', '94863902B', '9089HYY');

INSERT INTO  PARTESTRABAJO
VALUES (15, 1250, 1390, 55, 0, 35, 12, NULL, 'CERRADO', '08/04/16', '72866464A', '94863902B', '5487EST');

INSERT INTO  PARTESTRABAJO
VALUES (22, 8991, 9135, 40, 0, 20, 10, NULL, 'CERRADO', '27/04/16', '89428847V', '76046765W', '0023ELH');

INSERT INTO  PARTESTRABAJO
VALUES (19, 1345, 1430, 65, 15, 25, 0, NULL, 'CERRADO', '23/04/16', '87296382C', '05425060G', '2998DJI');

INSERT INTO  PARTESTRABAJO
VALUES (10, 14560, 14600, 85, 0, 0, 130, 'AVERIA', 'CERRADO', '25/03/16', '07349046V', '26585144L', '8011FER');

INSERT INTO  PARTESTRABAJO
VALUES (7, 8750, 8880, 70, 0, 50, 20, 'ATASCO POR ACCIDENTE', 'CERRADO', '18/03/16', '07349046V', '82379027L', '2276DER');

INSERT INTO  PARTESTRABAJO
VALUES (11, 18675, 18750, 30, 20, 10, 0, NULL, 'CERRADO', '29/03/16', '71874772W', '82379027L', '9209DPN');

INSERT INTO  PARTESTRABAJO
VALUES (13, 9990, 10120, 60, 15, 30, 0, NULL, 'CERRADO', '02/04/16', '71874772W', '83711774P', '6578GTR');

INSERT INTO  PARTESTRABAJO
VALUES (18, 18751, 18900, 75, 0, 20, 0, NULL, 'CERRADO', '20/04/16', '72866464A', '82379027L', '9209DPN');

INSERT INTO  PARTESTRABAJO
VALUES (20, 17566, 17890, 80, 35, 20, 10, 'AUSENTE ENTREGA FALLIDA', 'CERRADO', '23/04/16', '89428847V', '83711774P', '3765AVC');

INSERT INTO  PARTESTRABAJO
VALUES (21, 890, 1025, 70, 0, 0, 0, NULL, 'CERRADO', '25/04/16', '71874772W', '82379027L', '7744BCS');

INSERT INTO  PARTESTRABAJO
VALUES (8, 13450, 13560, 60, 30, 30, 15, NULL, 'CERRADO', '23/03/16', '87296382C', '13606944Y', '0919DRF');

INSERT INTO  PARTESTRABAJO
VALUES (16, 7605, 7770, 70, 15, 0, 0, NULL, 'CERRADO', '10/04/16', '71874772W', '13606944Y', '7590GIO');


/*LINEAS*/
INSERT INTO LINEA
VALUES (1, '08:00', '10:40', 1, 1);

INSERT INTO LINEA
VALUES (2, '11:00', '15:20', 1, 2);

INSERT INTO LINEA
VALUES (3, '15:30', '17:00', 1, 11);

INSERT INTO LINEA
VALUES (4, '17:15', '18:45', 1, 27);

INSERT INTO LINEA
VALUES (5, '09:00', '11:40', 2, 12);

INSERT INTO LINEA
VALUES (6, '12:00', '15:00', 2, 28);

INSERT INTO LINEA
VALUES (7, '15:30', '17:30', 2, 40);

INSERT INTO LINEA
VALUES (8, '09:00', '10:30', 3, 3);

INSERT INTO LINEA
VALUES (9, '11:00', '13:00', 3, 13);

INSERT INTO LINEA
VALUES (10, '13:30', '15:30', 3, 14);

INSERT INTO LINEA
VALUES (11, '16:00', '18:40', 3, 29);

INSERT INTO LINEA
VALUES (12, '10:30', '16:30', 4, 15);

INSERT INTO LINEA
VALUES (13, '08:00', '10:20', 5, 4);

INSERT INTO LINEA
VALUES (14, '11:00', '13:00', 5, 16);

INSERT INTO LINEA
VALUES (15, '13:30', '14:40', 5, 30);

INSERT INTO LINEA
VALUES (16, '15:00', '18:00', 5, 49);

INSERT INTO LINEA
VALUES (17, '08:30', '13:30', 6, 31);

INSERT INTO LINEA
VALUES (18, '14:00', '16:40', 6, 32);

INSERT INTO LINEA
VALUES (19, '17:00', '19:00', 6, 41);

INSERT INTO LINEA
VALUES (20, '09:30', '12:40', 7, 5);

INSERT INTO LINEA
VALUES (21, '13:00', '15:00', 7, 17);

INSERT INTO LINEA
VALUES (22, '15:30', '16:50', 7, 42);

INSERT INTO LINEA
VALUES (23, '17:30', '18:30', 7, 50);

INSERT INTO LINEA
VALUES (24, '09:00', '12:00', 8, 6);

INSERT INTO LINEA
VALUES (25, '12:30', '14:30', 8, 18);

INSERT INTO LINEA
VALUES (26, '15:00', '18:30', 8, 33);

INSERT INTO LINEA
VALUES (27, '08:00', '11:30', 9, 19);

INSERT INTO LINEA
VALUES (28, '12:30', '15:30', 9, 34);

INSERT INTO LINEA
VALUES (29, '16:30', '18:00', 9, 43);

INSERT INTO LINEA
VALUES (30, '08:00', '10:40', 10, 7);

INSERT INTO LINEA
VALUES (31, '11:00', '13:30', 10, 20);

INSERT INTO LINEA
VALUES (32, '14:00', '15:00', 10, 44);

INSERT INTO LINEA
VALUES (33, '16:00', '17:40', 10, 45);

INSERT INTO LINEA
VALUES (34, '08:00', '13:00', 11, 35);

INSERT INTO LINEA
VALUES (35, '14:00', '16:50', 11, 46);

INSERT INTO LINEA
VALUES (36, '08:00', '12:30', 12, 8);

INSERT INTO LINEA
VALUES (37, '13:00', '15:30', 12, 36);

INSERT INTO LINEA
VALUES (38, '16:00', '18:00', 12, 47);

INSERT INTO LINEA
VALUES (39, '11:00', '12:40', 13, 21);

INSERT INTO LINEA
VALUES (40, '13:00', '15:00', 13, 37);

INSERT INTO LINEA
VALUES (41, '15:30', '17:00', 13, 48);

INSERT INTO LINEA
VALUES (42, '08:00', '11:30', 14, 9);

INSERT INTO LINEA
VALUES (43, '12:00', '16:30', 14, 22);

INSERT INTO LINEA
VALUES (44, '17:30', '20:00', 14, 23);

INSERT INTO LINEA
VALUES (45, '08:00', '11:30', 15, 24);

INSERT INTO LINEA
VALUES (46, '12:00', '16:00', 15, 38);

INSERT INTO LINEA
VALUES (47, '08:00', '10:40', 16, 10);

INSERT INTO LINEA
VALUES (48, '11:30', '14:30', 16, 25);

INSERT INTO LINEA
VALUES (49, '15:00', '16:30', 16, 26);

INSERT INTO LINEA
VALUES (50, '17:30', '19:00', 16, 39);


/*HORAS EXTRA*/
INSERT INTO HORASEXTRA
VALUES (1, 2);

INSERT INTO HORASEXTRA
VALUES (3, 1);

INSERT INTO HORASEXTRA
VALUES (5, 1);

INSERT INTO HORASEXTRA
VALUES (6, 2);

INSERT INTO HORASEXTRA
VALUES (8, 1);

INSERT INTO HORASEXTRA
VALUES (12, 1);

INSERT INTO HORASEXTRA
VALUES (14, 3);

INSERT INTO HORASEXTRA
VALUES (16, 1);

